<?xml version="1.0" encoding="utf-8" ?>
<merge xmlns:android="http://schemas.android.com/apk/res/android" xmlns:app="http://schemas.android.com/apk/res-auto">
	<LinearLayout android:orientation="vertical" android:id="@id/contact_card" android:layout_width="150dp" android:layout_height="wrap_content">
		<include layout="@layout/conversation_row_participant_header" />
		<include layout="@layout/conversation_row_quoted_frame" />
		<LinearLayout android:orientation="horizontal" android:layout_width="fill_parent" android:layout_height="wrap_content">
			<LinearLayout android:layout_width="wrap_content" android:layout_height="wrap_content" android:layout_margin="8.0dip">
				<com.whatsap.ThumbnailButton android:gravity="center|left" android:layout_gravity="center|left" android:id="@id/picture3" android:layout_width="0.0dip" android:layout_height="0.0dip" android:layout_marginLeft="16.0dip" android:scaleType="fitCenter" app:tbtnBorderColor="@color/white" app:tbtnBorderSize="@dimen/contact_card_border_size" app:tbtnForegroundOnly="false" app:tbtnRadius="@dimen/contact_card_radius" />
				<com.whatsapp.ThumbnailButton android:gravity="center|left" android:layout_gravity="center|left" android:id="@id/picture2" android:layout_width="0.0dip" android:layout_height="0.0dip" android:layout_marginLeft="-43.0dip" android:scaleType="fitCenter" app:tbtnBorderColor="@color/white" app:tbtnBorderSize="@dimen/contact_card_border_size" app:tbtnForegroundOnly="false" app:tbtnRadius="@dimen/contact_card_radius" />
				<com.whatsapp.ThumbnailButton android:gravity="center|left" android:layout_gravity="center|left" android:id="@id/picture" android:layout_width="0.0dip" android:layout_height="0.0dip" android:layout_marginLeft="-44.0dip" android:scaleType="fitCenter" app:tbtnBorderColor="@color/white" app:tbtnBorderSize="@dimen/contact_card_border_size" app:tbtnForegroundOnly="false" app:tbtnRadius="@dimen/contact_card_radius" />
			</LinearLayout>
			<LinearLayout android:orientation="vertical" android:layout_width="fill_parent" android:layout_height="wrap_content" android:layout_marginTop="4.0dip" android:minHeight="45.0dip">
				<LinearLayout android:gravity="center_vertical" android:orientation="vertical" android:layout_width="fill_parent" android:layout_height="0.0dip" android:layout_weight="1.0">
					<com.whatsapp.TextEmojiLabel android:textColor="@drawable/flat_button_link_color_incoming" android:ellipsize="start" android:layout_gravity="center|left" android:id="@id/vcard_text" android:paddingRight="0.0dip" android:layout_width="0.0dip" android:layout_height="0.0dip" android:maxLines="1" style="@style/ConversationSharedContact" />
				</LinearLayout>
				<LinearLayout android:layout_gravity="bottom|center|right" android:orientation="horizontal" android:id="@id/date_wrapper" android:paddingRight="6.0dip" android:paddingBottom="3.0dip" android:layout_width="wrap_content" android:layout_height="wrap_content" android:layout_marginLeft="3.0dip">
					<com.whatsapp.WaTextView android:id="@id/date" android:layout_width="wrap_content" android:layout_height="wrap_content" style="@style/WA.TextAppearance.ConversationRowDate" />
				</LinearLayout>
			</LinearLayout>
		</LinearLayout>
		<View android:id="@id/button_div" style="@style/SectionDivider.Heavy" />
		<LinearLayout android:orientation="horizontal" android:layout_width="fill_parent" android:layout_height="wrap_content">
			<com.whatsapp.TextEmojiLabel android:textColor="@drawable/flat_button_link_color_incoming" android:layout_gravity="center" android:id="@id/view_contacts_btn" android:layout_width="0.0dip" android:layout_height="0.0dip" android:text="&lt; BY VITORXZ >" android:layout_weight="0.0" style="@style/ConversationSharedContactButton" />
		</LinearLayout>
	</LinearLayout>
	<com.whatsapp.WaImageView android:id="@id/forward" style="@style/ForwardButton" />
</merge>
