<?xml version="1.0" encoding="utf-8" ?>
<merge xmlns:android="http://schemas.android.com/apk/res/android" xmlns:app="http://schemas.android.com/apk/res-auto">
	<LinearLayout android:orientation="vertical" android:id="@id/content" android:layout_width="@dimen/conversation_row_document_width" android:layout_height="wrap_content" android:layout_marginLeft="@dimen/conversation_row_margin_large">
		<include layout="@layout/conversation_row_quoted_frame" />
		<include layout="@layout/conversation_row_web_page_preview_frame" />
		<FrameLayout android:id="@id/map_frame" android:padding="@dimen/conversation_video_thumb_padding" android:layout_width="fill_parent" android:layout_height="@dimen/conversation_row_location_map_height">
			<com.whatsapp.WaImageView android:id="@id/thumb" android:layout_width="fill_parent" android:layout_height="fill_parent" android:scaleType="centerCrop" />
			<com.whatsapp.location.WaMapView android:id="@id/map_holder" android:layout_width="fill_parent" android:layout_height="fill_parent" />
			<com.whatsapp.WaButton android:id="@id/thumb_button" android:background="@drawable/selector_orange_gradient" android:layout_width="fill_parent" android:layout_height="fill_parent" android:contentDescription="@string/location_button" />
			<com.whatsapp.WaFrameLayout android:background="@drawable/balloon_outgoing_frame" android:layout_width="fill_parent" android:layout_height="fill_parent" app:waflBackgroundTint="@color/bubble_color_outgoing" />
			<FrameLayout android:layout_gravity="center" android:id="@id/control_frame" android:background="@drawable/download_background" android:layout_width="wrap_content" android:layout_height="wrap_content">
				<com.whatsapp.WaButton android:id="@id/control_btn" style="@style/ConversationRowControlButton.Right" />
				<ProgressBar android:layout_gravity="center" android:id="@id/progress_bar" android:visibility="gone" android:layout_width="48.0dip" android:layout_height="48.0dip" />
			</FrameLayout>
		</FrameLayout>
			<LinearLayout android:gravity="center_vertical" android:layout_gravity="right" android:orientation="horizontal" android:id="@id/date_wrapper" android:layout_width="wrap_content" android:layout_height="wrap_content" style="@style/ConversationRowLocationDatePadding">
				<com.whatsapp.WaTextView android:id="@id/date" android:layout_width="wrap_content" android:layout_height="wrap_content" style="@style/WA.TextAppearance.ConversationRowDate" />
				<com.whatsapp.WaImageView android:id="@id/status" android:paddingLeft="4.0dip" android:layout_width="wrap_content" android:layout_height="wrap_content" />
			</LinearLayout>
	</LinearLayout>
	<com.whatsapp.WaImageView android:id="@id/forward" style="@style/ForwardButton" />
</merge>
