<?xml version="1.0" encoding="utf-8" ?>
<merge xmlns:android="http://schemas.android.com/apk/res/android" xmlns:app="http://schemas.android.com/apk/res-auto">
	<LinearLayout android:orientation="vertical" android:id="@id/content" android:layout_width="@dimen/conversation_row_document_width" android:layout_height="wrap_content" android:layout_marginRight="@dimen/conversation_row_margin_large">
		<include layout="@layout/conversation_row_participant_header" />
		<include layout="@layout/conversation_row_quoted_frame" />
		<FrameLayout android:id="@id/map_frame" android:padding="@dimen/conversation_video_thumb_padding" android:layout_width="fill_parent" android:layout_height="@dimen/conversation_row_location_map_height">
			<com.whatsapp.WaImageView android:id="@id/thumb" android:layout_width="fill_parent" android:layout_height="fill_parent" android:scaleType="centerCrop" />
			<com.whatsapp.location.WaMapView android:id="@id/map_holder" android:layout_width="fill_parent" android:layout_height="fill_parent" />
			<com.whatsapp.WaButton android:id="@id/thumb_button" android:background="@drawable/selector_orange_gradient" android:layout_width="fill_parent" android:layout_height="fill_parent" android:contentDescription="@string/location_button" />
			<com.whatsapp.WaFrameLayout android:background="@drawable/balloon_incoming_frame" android:layout_width="fill_parent" android:layout_height="fill_parent" app:waflBackgroundTint="@color/bubble_color_incoming" />
			<ProgressBar android:layout_gravity="bottom|center|left" android:id="@id/progress_bar" android:visibility="gone" android:layout_width="@dimen/conversation_row_location_progress_bar_size" android:layout_height="@dimen/conversation_row_location_progress_bar_size" android:layout_margin="8.0dip" />
		</FrameLayout>
			<LinearLayout android:layout_gravity="right" android:orientation="horizontal" android:id="@id/date_wrapper" android:layout_width="wrap_content" android:layout_height="wrap_content" style="@style/ConversationRowLocationDatePadding">
				<com.whatsapp.WaTextView android:id="@id/date" android:layout_width="wrap_content" android:layout_height="wrap_content" style="@style/WA.TextAppearance.ConversationRowDate" />
			</LinearLayout>
		</LinearLayout>
	<com.whatsapp.WaImageView android:id="@id/forward" style="@style/ForwardButton" />
</merge>
